Color,Feature,Mean,Std,Median,IQR,Min,Max
blue,height,0.20887880859963517,0.0471753768026228,0.21029874682426453,0.07172301411628723,0.06786364316940308,0.32569795846939087
blue,width,0.03836089206010509,0.012818369218220802,0.03510193154215813,0.01388530433177948,0.012704786844551563,0.101997509598732
blue,aspect_ratio,5.827690415760708,1.805152251052737,5.6815684102570705,2.6285534311914054,2.2819872252441717,12.733262527355663
blue,volume_approx,0.000977950649294627,0.0008131273676405842,0.0007177786796712848,0.0007132464252539797,4.180817720487713e-05,0.004954448080300783
blue,avg_intensity,43.74019539020268,15.862748272559934,40.28571319580078,24.224998474121094,12.916666984558105,89.33333587646484
blue,std_intensity,23.825889468077204,11.931144656846627,20.983322143554688,17.27358341217041,3.34165620803833,71.70696258544922
blue,mid_intensity,52.93376105635692,24.710939550292455,47.5,30.5,5.0,176.0
blue,reflective_pct,0.17805341356218113,0.08245019120553455,0.16666666666666666,0.09239130434782608,0.0,0.5
blue,contrast,1.4386687688168724,0.34901770275736105,1.4173266567922829,0.4394881655637146,0.41791044406454914,2.651999888784145
blue,contrast_bot_mid,0.2732237587158236,0.45885684515848474,0.2965950096095195,0.545405940695399,-1.6355931926170646,1.9150943034887868
blue,contrast_mid_top,-0.3267182456343557,0.45008637586485023,-0.30578511891264265,0.5722188194458591,-1.8881118299191113,1.2983871200409338
blue,contrast_bot_top,-0.05349448691853212,0.4155975708799852,-0.02355260916273453,0.5183623150259147,-1.7457626822752088,1.2137930699643291
orange,height,0.2200545126861996,0.04530106910050528,0.2246086597442627,0.06780341267585754,0.09548020362854004,0.3069692850112915
orange,width,0.03572356109817823,0.009419250952797584,0.03407484292984009,0.010424427688121796,0.019984960556030273,0.0784926563501358
orange,aspect_ratio,6.499100715614944,1.8930929942946617,6.381180508902983,2.7586929735937122,2.5404376286064316,11.467221332778166
orange,volume_approx,0.0008730004380729133,0.0005614388290791895,0.000772560091970432,0.0005811380020144136,0.00014068555791892114,0.0052282885347047755
orange,avg_intensity,41.8926414320204,16.702176516929413,33.5,21.671329498291016,20.33333396911621,97.5999984741211
orange,std_intensity,23.288475070529515,13.368262548725738,17.190155029296875,17.427504539489746,6.863753318786621,74.09346008300781
orange,mid_intensity,53.96608193291558,30.35845712597855,41.57143020629883,35.0,18.399999618530273,177.5
orange,reflective_pct,0.171050795566176,0.07234112606248146,0.16666666666666666,0.06956521739130436,0.0,0.4
orange,contrast,1.5123714127547616,0.37550975494636396,1.4983688737021497,0.4681509683741627,0.5718475100638276,2.717712040439965
orange,contrast_bot_mid,0.37586152916844856,0.5062867842143366,0.41245218006173906,0.5513392906859618,-1.3980716354713,1.858308535699372
orange,contrast_mid_top,-0.4154528638736448,0.44344517275613093,-0.3909813197864034,0.518892973888151,-1.9473293038765875,1.1269841090954904
orange,contrast_bot_top,-0.03959133470519616,0.38213064036786687,0.010321101065590813,0.38992423045605873,-1.5013774213435636,0.9408127295892857
yellow,height,0.2286215092503225,0.045943022501508175,0.23477309942245483,0.06552879512310028,0.06702995300292969,0.33462777733802795
yellow,width,0.03868624116805583,0.013864954402468255,0.03492210805416107,0.014609340578317642,0.015934426337480545,0.09320598095655441
yellow,aspect_ratio,6.4589983145506125,2.125761507131287,6.3186232908271105,3.1746641385262286,2.213088180500593,14.359337161740676
yellow,volume_approx,0.0011111039522444066,0.0008759293892005106,0.0008552602602869907,0.0007558794054865903,2.2710934745367048e-05,0.0052470022344088965
yellow,avg_intensity,28.71051319111431,8.56922832717834,27.272727966308594,10.583332061767578,10.899999618530273,65.0
yellow,std_intensity,14.850317109838532,5.525213282309934,14.299378395080566,6.7335052490234375,1.7435595989227295,49.89198303222656
yellow,mid_intensity,20.928262631665284,14.051434709251073,18.25,21.0,3.0,104.0
yellow,reflective_pct,0.18117657880754034,0.10040048343439406,0.18421052631578946,0.11029411764705882,0.0,0.5
yellow,contrast,1.4262079465015045,0.38081428322533895,1.4484304256756932,0.5359891474699727,0.14285713543786438,2.4078186752571016
yellow,contrast_bot_mid,-0.3573812581242255,0.5202017925409267,-0.352970577156152,0.7141099143654301,-2.545454452892565,1.832060945427003
yellow,contrast_mid_top,0.36247270607568566,0.5394471678075391,0.36209809988932645,0.8260971412083553,-1.48854951815944,1.9999999000000048
yellow,contrast_bot_top,0.005091447951460134,0.46857139681250515,0.01803051195356591,0.5389746679124863,-2.3855421372702907,2.499999875000006
