Color,Feature,Mean,Std,Median,IQR,Min,Max,Model,Equation,AIC,R2
blue,height,0.19420786947011948,0.05771827738442268,0.19934192299842834,0.0782034695148468,0.0008575022220611572,0.32569795846939087,,,,
blue,width,0.04261477357473503,0.016462817204719562,0.03802713751792908,0.016377899795770645,0.012704786844551563,0.128560408949852,,,,
blue,aspect_ratio,5.002098824461921,1.9110572371027,4.8440559762601465,2.3789692321963747,0.008569367185307018,13.219196188696513,,,,
blue,volume_approx,0.0010618368505517374,0.001020451189201098,0.0007522391007146484,0.0008428602979612533,1.1676447210061819e-05,0.007778759431886742,,,,
blue,avg_intensity,30.077564179723534,14.42182863114519,26.58333396911621,19.071428298950195,5.25,84.25,,,,
blue,std_intensity,11.526127871201963,8.262718442019352,9.09361743927002,8.934140682220459,0.471404492855072,50.40309524536133,,,,
blue,mid_intensity,29.825556835697274,17.759916101574337,25.66666603088379,21.16666603088379,3.0,125.5,,,,
blue,reflective_pct,0.09456004625096213,0.1166667695798925,0.0,0.16666666666666666,0.0,0.5,,,,
blue,contrast,0.9358605620498015,0.35716189992259184,0.9317405908959304,0.5122339674914674,0.03970588171493102,2.016341372708328,,,,
blue,contrast_bot_mid,-0.05906932260097305,0.3710835406793222,-0.039473684379784754,0.40952029256064826,-1.6491226912896357,1.3190184261853979,,,,
blue,contrast_mid_top,0.004640145947472293,0.44777173147580746,-0.02072072050291562,0.4558291699531737,-1.2944161606716125,1.7599999061333382,,,,
blue,contrast_bot_top,-0.05442917665350074,0.42670285710683814,-0.055776874162398814,0.48518517671282374,-1.666666597222225,1.8032785702768153,,,,
orange,height,0.20820710549751917,0.05420504681647926,0.21677640080451965,0.07975772023200989,0.0541614294052124,0.3069692850112915,,,,
orange,width,0.0395299201624261,0.011812019141924266,0.03732217103242874,0.012395862489938736,0.016764404252171516,0.10390263050794601,,,,
orange,aspect_ratio,5.6059811968974245,1.8782541826682209,5.561341400883147,2.590601604802745,1.1346423161964099,10.758679301079344,,,,
orange,volume_approx,0.0009872317623046609,0.0007410322336282382,0.0008825950638553515,0.0007704963560722257,7.899175178975602e-06,0.007110761938491963,,,,
orange,avg_intensity,28.080788169436985,14.164699919270753,23.875,17.0,5.333333492279053,97.5999984741211,,,,
orange,std_intensity,10.697706346379386,7.6989466904808435,8.735325813293457,6.258386611938477,0.4714045226573944,74.09346008300781,,,,
orange,mid_intensity,29.80791374206543,20.844499506947365,24.33333396911621,16.28571319580078,4.0,177.5,,,,
orange,reflective_pct,0.09848131743715025,0.10603041996072937,0.08333333333333333,0.16666666666666666,0.0,0.4444444444444444,,,,
orange,contrast,0.9949372606020216,0.347538107770062,1.04111490344388,0.43745734106881384,0.020610685950720693,2.0916665795138925,,,,
orange,contrast_bot_mid,-0.011215103475461233,0.3634587396285571,-0.03669724635973408,0.41270825002733413,-0.9473683711911383,1.5317623033352612,,,,
orange,contrast_mid_top,-0.08697194141029109,0.3938127310174054,-0.06982755248767616,0.42264269838677077,-1.2807377118187802,1.4210525567867074,,,,
orange,contrast_bot_top,-0.09818704488575229,0.3324219445624,-0.1008620677609957,0.4186475201107992,-1.0270269715120555,0.9244185929061949,,,,
yellow,height,0.2286215092503225,0.045943022501508175,0.23477309942245483,0.06552879512310028,0.06702995300292969,0.33462777733802795,,,,
yellow,width,0.03868624116805583,0.013864954402468255,0.03492210805416107,0.014609340578317642,0.015934426337480545,0.09320598095655441,,,,
yellow,aspect_ratio,6.4589983145506125,2.125761507131287,6.3186232908271105,3.1746641385262286,2.213088180500593,14.359337161740676,,,,
yellow,volume_approx,0.0011111039522444066,0.0008759293892005106,0.0008552602602869907,0.0007558794054865903,2.2710934745367048e-05,0.0052470022344088965,,,,
yellow,avg_intensity,28.71051319111431,8.56922832717834,27.272727966308594,10.583332061767578,10.899999618530273,65.0,,,,
yellow,std_intensity,14.850317109838532,5.525213282309934,14.299378395080566,6.7335052490234375,1.7435595989227295,49.89198303222656,,,,
yellow,mid_intensity,20.928262631665284,14.051434709251073,18.25,21.0,3.0,104.0,,,,
yellow,reflective_pct,0.18117657880754034,0.10040048343439406,0.18421052631578946,0.11029411764705882,0.0,0.5,,,,
yellow,contrast,1.4262079465015045,0.38081428322533895,1.4484304256756932,0.5359891474699727,0.14285713543786438,2.4078186752571016,,,,
yellow,contrast_bot_mid,-0.3573812581242255,0.5202017925409267,-0.352970577156152,0.7141099143654301,-2.545454452892565,1.832060945427003,,,,
yellow,contrast_mid_top,0.36247270607568566,0.5394471678075391,0.36209809988932645,0.8260971412083553,-1.48854951815944,1.9999999000000048,,,,
yellow,contrast_bot_top,0.005091447951460134,0.46857139681250515,0.01803051195356591,0.5389746679124863,-2.3855421372702907,2.499999875000006,,,,
blue,best_fit_intensity_model,,,,,,,exponential_decay,I(d) = -37.90 * exp(-0.256 d) + 38.38,5269.988171614769,0.19896537725854668
orange,best_fit_intensity_model,,,,,,,exponential_decay,I(d) = -55.43 * exp(-0.070 d) + 65.28,1107.2729580514242,0.334328795022404
yellow,best_fit_intensity_model,,,,,,,exponential_decay,I(d) = -18.77 * exp(-0.141 d) + 37.53,2902.031352754,0.15216527350349496
